{
  "iteration": 19999,
  "gradient_norms": {
    "state_embeddings.linear1.weight": 0.6020280122756958,
    "state_embeddings.linear1.bias": 0.06864693760871887,
    "state_embeddings.linear2.weight": 0.38436606526374817,
    "state_embeddings.linear2.bias": 0.048961494117975235,
    "state_embeddings.linear3.weight": 0.3165259063243866,
    "state_embeddings.linear3.bias": 0.04594904184341431,
    "policy_head.linear1.weight": 0.4236457049846649,
    "policy_head.linear1.bias": 0.05667869374155998,
    "policy_head.linear2.weight": 0.7331680655479431,
    "policy_head.linear2.bias": 0.0708966851234436,
    "policy_head.output_linear.weight": 1.0239813327789307,
    "policy_head.output_linear.bias": 0.07100032269954681,
    "value_head.linear1.weight": 0.14337396621704102,
    "value_head.linear1.bias": 0.01913251355290413,
    "value_head.output_linear.weight": 0.12339740991592407,
    "value_head.output_linear.bias": 0.03517427295446396
  },
  "summary": {
    "mean": 0.2604329015593976,
    "max": 1.0239813327789307,
    "min": 0.01913251355290413
  }
}